tanggal_penyampaian,jenis_laporan,tahun_laporan,bidang,lembaga,unit_kerja,nama,jabatan,nhk,harta_tanah_dan_bangunan,harta_alat_transportasi_dan_mesin,harta_bergerak_lainnya,surat_berharga,harta_kas_dan_setara_kas,harta_lainnya,sub_total,hutang,total_harta_kekayaan
20 Maret 2023,Periodik,2022,EKSEKUTIF,KEMENTERIAN KOMUNIKASI DAN INFORMATIKA,BADAN PENELITIAN DAN PENGEMBANGAN SUMBER DAYA MANUSIA,HARY BUDIARTO,KEPALA BADAN,163340,3000000000,626000000,15000000,300000000,568180256,-,4509180256,-,4509180256
24 Maret 2023,Periodik,2022,EKSEKUTIF,"KEMENTERIAN PENDIDIKAN, KEBUDAYAAN, RISET, DAN TEKNOLOGI",DIREKTORAT JENDERAL PENDIDIKAN VOKASI,KIKI YULIATI,DIREKTUR JENDERAL,907432,2529576000,-,365000000,125000000,243278869,-,3262854869,-,3262854869
15 Maret 2023,Periodik,2022,EKSEKUTIF,KEMENTERIAN PERTAHANAN,BADAN SARANA PERTAHANAN,YUSUF JAUHARI,KEPALA BADAN,551292,2184000000,325000000,2685000000,-,2453315120,-,7647315120,-,7647315120
16 Maret 2022,Periodik,2021,EKSEKUTIF,KEMENTERIAN KOMUNIKASI DAN INFORMATIKA,PIMPINAN TERTINGGI,JOHNNY GERARD PLATE,MENTERI KOMUNIKASI DAN INFORMATIKA,211793,141463603886,460000000,3612000000,4113125000,51939680206,-,201588409092,10352000000,191236409092
7 Maret 2023,Periodik,2022,EKSEKUTIF,KEMENTERIAN LUAR NEGERI,BADAN PENGKAJIAN DAN PENGEMBANGAN KEBIJAKAN,YAYAN GANDA HAYAT MULYANA,KEPALA BADAN PENGKAJIAN DAN PENGEMBANGAN KEBIJAKAN,405599,500310000,255900000,168000000,-,335724599,-,1259934599,-,1259934599
24 Maret 2023,Periodik,2022,EKSEKUTIF,KEMENTERIAN AGAMA,STAF AHLI,ALBERTUS MAGNUS ADIYARTO SUMARDJONO,STAF AHLI BIDANG BIDANG MANAJEMEN KOMUNIKASI DAN INFORMASI,664449,6300000000,215000000,-,-,5721251,6787704,6527508955,47639201,6479869754
29 Maret 2023,Periodik,2022,EKSEKUTIF,"KEMENTERIAN PENDIDIKAN, KEBUDAYAAN, RISET, DAN TEKNOLOGI","DIREKTORAT JENDERAL PENDIDIKAN ANAK USIA DINI, PENDIDIKAN DASAR, DAN PENDIDIKAN MENENGAH",IWAN SYAHRIL,DIREKTUR JENDERAL,804664,2646390810,-,57500000,-,1171855859,-,3875746669,1710917030,2164829639
24 Maret 2023,Periodik,2022,EKSEKUTIF,KEMENTERIAN HUKUM DAN HAK ASASI MANUSIA,STAF AHLI,Y. AMBEG PARAMARTA,STAF AHLI BIDANG POLITIK DAN KEAMANAN,21974,3100000000,730000000,-,-,668100448,-,4498100448,-,4498100448
27 Maret 2023,Periodik,2022,EKSEKUTIF,KEMENTERIAN KOMUNIKASI DAN INFORMATIKA,STAF AHLI,WIDODO MUKTIYO,STAF AHLI MENTERI BIDANG KOMUNIKASI DAN MEDIA MASSA,218965,2108269000,753950000,761220112,190000000,2334843799,-,6148282911,-,6148282911
28 Maret 2022,Periodik,2021,EKSEKUTIF,KEMENTERIAN HUKUM DAN HAK ASASI MANUSIA,PIMPINAN TERTINGGI,YASONNA H. LAOLY,MENTERI,33655,3809090126,905910200,4541499000,1987922000,11947698607,-,23192119933,-,23192119933
2 Maret 2023,Periodik,2022,EKSEKUTIF,KEMENTERIAN HUKUM DAN HAK ASASI MANUSIA,WAKIL PIMPINAN,EDWARD OMAR SHARIF HIARIEJ,WAKIL MENTERI,801970,23000000000,1210000000,-,-,1933937234,-,26143937234,5449440788,20694496446
28 Februari 2023,Periodik,2022,EKSEKUTIF,KEMENTERIAN KEUANGAN,WAKIL PIMPINAN,SUAHASIL NAZARA,WAKIL MENTERI,180291,35981757000,1028900000,3104619171,39891949380,8777539417,3768873123,92553638091,100000000,92453638091
10 Maret 2023,Periodik,2022,EKSEKUTIF,KEMENTERIAN AGAMA,DIREKTORAT JENDERAL BIMBINGAN MASYARAKAT KRISTEN,JEANE MARIE TULUNG,DIREKTUR JENDERAL,494711,3755000000,195000000,369850000,-,185000000,-,4504850000,624000000,3880850000
22 Februari 2023,Periodik,2022,EKSEKUTIF,KEMENTERIAN KESEHATAN,DIREKTORAT JENDERAL TENAGA KESEHATAN,ARIANTI ANAYA,DIREKTUR JENDERAL,217403,9152000000,180000000,332000000,-,1330637798,-,10994637798,900000000,10094637798
7 Maret 2023,Periodik,2022,EKSEKUTIF,KEMENTERIAN AGAMA,STAF AHLI,ABU ROKHMAD,STAF AHLI BIDANG HUKUM DAN HAK ASASI MANUSIA,844914,1400500000,115000000,30300000,-,148554407,30000000,1724354407,374000000,1350354407
27 Maret 2023,Periodik,2022,EKSEKUTIF,KEMENTERIAN AGAMA,DIREKTORAT JENDERAL PENDIDIKAN ISLAM,WAWAN WAHYUDDIN,REKTOR,450732,1862000000,153700000,37200000,-,79431362,-,2132331362,253034288,1879297074
26 Februari 2022,Periodik,2021,EKSEKUTIF,TENTARA NASIONAL INDONESIA,MABES TNI AD,BAMBANG TRISNOHADI,IR PUSTERAD,729215,5100000000,1590000000,-,-,4828453421,-,11518453421,-,11518453421
24 Maret 2021,Periodik,2020,EKSEKUTIF,KEMENTERIAN HUKUM DAN HAK ASASI MANUSIA,PIMPINAN TERTINGGI,YASONNA H. LAOLY,MENTERI,33655,3809090126,905910200,4416499000,1987922000,17057351557,-,28176772883,-,28176772883
8 Maret 2022,Periodik,2021,EKSEKUTIF,KEMENTERIAN SOSIAL,STAF AHLI,ADHY KARYONO,STAF AHLI BIDANG PERUBAHAN DAN DINAMIKA SOSIAL,130146,4460000000,250000000,186500000,1068250000,521472918,-,6486222918,664000000,5822222918
13 Maret 2023,Khusus - Awal Menjabat,2022,EKSEKUTIF,KEMENTERIAN AGAMA,DIREKTORAT JENDERAL PENDIDIKAN ISLAM,AHMAD SUPRIYADI,"WAKIL REKTOR BIDANG ADMINISTRASI UMUM, PERENCANAAN DAN",899525,11262000000,202000000,3600000000,-,640000000,1000000000,16704000000,100000000,16604000000
27 Maret 2021,Periodik,2020,EKSEKUTIF,KEMENTERIAN PERTAHANAN,PIMPINAN TERTINGGI,PRABOWO SUBIANTO,MENTERI,29770,275320450000,1258500000,16359023500,1701879000000,2522545835,40000000000,2037339519335,8000000000,2029339519335
24 Maret 2023,Periodik,2022,EKSEKUTIF,"KEMENTERIAN PENDIDIKAN, KEBUDAYAAN, RISET, DAN TEKNOLOGI",DIREKTORAT JENDERAL PENDIDIKAN TINGGI,NIZAM,DIREKTUR JENDERAL,218696,4918200000,94500000,1265000000,656422500,4458088907,-,11392211407,-,11392211407
1 Maret 2023,Periodik,2022,EKSEKUTIF,KEMENTERIAN HUKUM DAN HAK ASASI MANUSIA,STAF AHLI,LUCKY AGUNG BINARTO,STAF AHLI,635065,9243500000,445000000,1014700000,-,631862083,-,11335062083,270596436,11064465647
25 Februari 2022,Periodik,2021,EKSEKUTIF,TENTARA NASIONAL INDONESIA,MABES TNI,H. HARIS HARYANTO,KAS KOHANUDNAS,433569,1668590000,742000000,-,-,1280000000,-,3690590000,-,3690590000
25 Februari 2023,Periodik,2022,EKSEKUTIF,KEMENTERIAN PERTAHANAN,BADAN PENDIDIKAN DAN PELATIHAN,TANDYO BUDI REVITA,KEPALA BADAN,633850,3283303715,228750000,79800000,430000000,872351421,-,4894205136,1000700000,3893505136
16 Maret 2023,Periodik,2022,EKSEKUTIF,KEMENTERIAN PERTAHANAN,BADAN INSTALASI STRATEGIS PERTAHANAN,YUDI ABRIMANTYO,KEPALA BADAN,524026,2906288326,345500000,595000000,-,1907716537,210000000,5964504863,-,5964504863
23 Februari 2023,Periodik,2022,EKSEKUTIF,KEMENTERIAN LUAR NEGERI,PIMPINAN TERTINGGI,RETNO LESTARI PRIANSARI MARSUDI,MENTERI LUAR NEGERI RI,15169,2548454500,422250200,120000000,-,28913177666,-,32003882366,-,32003882366
15 Maret 2023,Periodik,2022,EKSEKUTIF,"KEMENTERIAN PENDIDIKAN, KEBUDAYAAN, RISET, DAN TEKNOLOGI",SEKRETARIAT JENDERAL,MUHAMAD HEIKAL,STAF KHUSUS BIDANG KOMUNIKASI DAN MEDIA,800828,11000000000,-,260000000,765000000,152736175,-,12177736175,1926577662,10251158513
23 Maret 2022,Periodik,2021,EKSEKUTIF,KEMENTERIAN LUAR NEGERI,INSPEKTORAT JENDERAL,H.A. IBNU WIWOHO WAHYUTOMO,INSPEKTUR JENDERAL,638625,2190000000,280000000,42600000,-,5823646909,-,8336246909,-,8336246909
27 Maret 2023,Khusus - Awal Menjabat,2023,EKSEKUTIF,KEMENTERIAN LUAR NEGERI,DIREKTORAT JENDERAL AMERIKA DAN EROPA,UMAR HADI,DIREKTUR JENDERAL AMERIKA DAN EROPA,405610,-,-,-,251375000,1615031971,-,1866406971,-,1866406971
31 Maret 2021,Periodik,2020,EKSEKUTIF,KEMENTERIAN DALAM NEGERI,PIMPINAN TERTINGGI,M. TITO KARNAVIAN,MENTERI DALAM NEGERI,191175,8297741000,-,260000000,-,9541596881,-,18099337881,-,18099337881
29 Maret 2022,Periodik,2021,EKSEKUTIF,KEMENTERIAN AGAMA,PIMPINAN TERTINGGI,YAQUT CHOLIL QOUMAS,MENTERI,36278,9320500000,1270000000,220754500,-,1263575991,-,12074830491,300000000,11774830491
15 Maret 2023,Periodik,2022,EKSEKUTIF,KEMENTERIAN DALAM NEGERI,DIREKTORAT JENDERAL POLITIK DAN PEMERINTAHAN UMUM,LA ODE AHMAD PB,DIREKTUR,694029,1630000000,180000000,-,-,229000000,-,2039000000,-,2039000000
30 Maret 2023,Periodik,2022,EKSEKUTIF,KEMENTERIAN KESEHATAN,PIMPINAN TERTINGGI,BUDI GUNADI SADIKIN,MENTERI KESEHATAN,92423,99000000000,850000000,3918687181,71715426451,6931031630,-,182415145262,-,182415145262
13 Maret 2023,Periodik,2022,EKSEKUTIF,KEMENTERIAN SOSIAL,STAF AHLI,ASEP SASA PURNAMA,STAF AHLI MENTERI BIDANG TEKNOLOGI KESEJAHTERAAN SOSIAL,140709,628900000,164500000,184500000,-,47745959,-,1025645959,-,1025645959
17 Februari 2023,Periodik,2022,EKSEKUTIF,BADAN PENGAWASAN KEUANGAN DAN PEMBANGUNAN (BPKP),PUSAT PENDIDIKAN DAN PELATIHAN PENGAWASAN,ARIEF TRI HARDIYANTO,KEPALA PUSAT PENDIDIKAN DAN PELATIHAN PENGAWASAN,56422,4411845000,157050000,169078000,200000000,4432378876,-,9370351876,-,9370351876
16 Februari 2023,Periodik,2022,EKSEKUTIF,KEMENTERIAN AGAMA,DIREKTORAT JENDERAL PENDIDIKAN ISLAM,MUHAMMAD ALI RAMDHANI,DIREKTUR JENDERAL,434485,4563420000,78000000,700000,-,1849110959,127700000,6618930959,2179660,6616751299
23 Februari 2023,Periodik,2022,EKSEKUTIF,KEMENTERIAN KEUANGAN,DIREKTORAT JENDERAL ANGGARAN,ISA RACHMATARWATA,DIREKTUR JENDERAL,87320,8015000000,800000000,325357000,14053425949,10185265478,2232238059,35611286486,274981566,35336304920
7 Maret 2023,Khusus - Awal Menjabat,2022,EKSEKUTIF,KEMENTERIAN PERTAHANAN,DIREKTORAT JENDERAL PERENCANAAN PERTAHANAN,SUPO DWI DIANTARA,DIREKTUR JENDERAL,801629,4266050000,549500000,31100000,-,1346644545,-,6193294545,-,6193294545
27 Maret 2023,Periodik,2022,EKSEKUTIF,KEMENTERIAN KETENAGAKERJAAN,DIREKTORAT JENDERAL PEMBINAAN PENEMPATAN TENAGA KERJA DAN PERLUASAN KESEMPATAN KERJA,SUHARTONO,DIREKTUR JENDERAL,163982,2729718000,93000000,5950000,-,35000000,-,2863668000,95800000,2767868000
31 Maret 2021,Periodik,2020,EKSEKUTIF,KEMENTERIAN PENDIDIKAN DAN KEBUDAYAAN,PIMPINAN TERTINGGI,NADIEM ANWAR MAKARIM,MENTERI PENDIDIKAN DAN KEBUDAYAAN,712194,50981969850,2663582550,752313000,1301421294168,14235550563,3198004000,1373252714131,180827196248,1192425517883
16 Maret 2023,Periodik,2022,EKSEKUTIF,KEMENTERIAN PERTAHANAN,DIREKTORAT JENDERAL KEKUATAN PERTAHANAN,BAMBANG IRWANTO,DIREKTUR JENDERAL,403977,5000000000,215000000,1840000000,-,1879347529,-,8934347529,20000000,8914347529
5 Januari 2023,Periodik,2022,EKSEKUTIF,KEMENTERIAN DALAM NEGERI,SEKRETARIAT JENDERAL,ANDI ONY PRIHARTONO,KEPALA BIRO ADMINISTRASI PIMPINAN,241379,2611189000,75000000,70070000,-,12648208,-,2768907208,937337837,1831569371
8 Maret 2022,Periodik,2021,EKSEKUTIF,KANTOR WAKIL PRESIDEN,WAKIL PIMPINAN PEMERINTAHAN,K.H. MA'RUF AMIN,WAKIL PRESIDEN REPUBLIK INDONESIA,12352,7423900000,577000000,256000000,-,4448025181,-,12704925181,-,12704925181
27 Maret 2023,Periodik,2022,EKSEKUTIF,KEMENTERIAN KOMUNIKASI DAN INFORMATIKA,DIREKTORAT JENDERAL SUMBER DAYA DAN PERANGKAT POS DAN INFORMATIKA,WAYAN TONI SUPRIYANTO,KUASA PENGGUNA ANGGARAN,143263,6641000000,190500000,192202465,3087626802,1583158897,592375029,12286863193,-,12286863193
17 Maret 2023,Periodik,2022,EKSEKUTIF,KEMENTERIAN DALAM NEGERI,BADAN STRATEGI KEBIJAKAN DALAM NEGERI,YUSHARTO HUNTOYUNGO,KEPALA BADAN,218333,4501376000,522000000,87000000,1070000000,27123575,-,6207499575,-,6207499575
26 Januari 2023,Periodik,2022,EKSEKUTIF,KEMENTERIAN KESEHATAN,SEKRETARIAT JENDERAL,BAYU TEJA MULIAWAN,KEPALA BIRO,208653,7401276000,506318000,176061700,172292995,524006396,-,8779955091,520511164,8259443927
24 Maret 2023,Periodik,2022,EKSEKUTIF,KEMENTERIAN DALAM NEGERI,DIREKTORAT JENDERAL BINA ADMINISTRASI KEWILAYAHAN,SAFRIZAL ZA,DIREKTUR JENDERAL,510669,3300000000,485500000,71550000,1627921864,6470622012,655000000,12610593876,-,12610593876
22 Maret 2021,Periodik,2020,EKSEKUTIF,KEMENTERIAN KETENAGAKERJAAN,PIMPINAN TERTINGGI,IDA FAUZIYAH,MENTERI KETENAGAKERJAAN,474,10838000000,1610500000,186700000,-,4452725557,-,17087925557,-,17087925557
14 September 2022,Khusus - Awal Menjabat,2022,EKSEKUTIF,KEMENTERIAN KETENAGAKERJAAN,WAKIL PIMPINAN,AFRIANSYAH NOOR,WAKIL MENTERI,870330,17000000000,1175000000,1525000000,100000000,2730000000,-,22530000000,870000000,21660000000
26 Februari 2023,Periodik,2022,EKSEKUTIF,"KEMENTERIAN PENDIDIKAN, KEBUDAYAAN, RISET, DAN TEKNOLOGI",SEKRETARIAT JENDERAL,JURIST TAN,STAF KHUSUS BIDANG PEMERINTAHAN,251482,-,-,113400000,9006975006,720929919,991440345,10832745270,57712682,10775032588
17 Maret 2023,Periodik,2022,EKSEKUTIF,KANTOR PRESIDEN,PIMPINAN PEMERINTAHAN,JOKO WIDODO,PRESIDEN REPUBLIK INDONESIA,42822,66242200000,432000000,356950000,-,15338433676,-,82369583676,-,82369583676
19 Maret 2023,Periodik,2022,EKSEKUTIF,KANTOR WAKIL PRESIDEN,WAKIL PIMPINAN PEMERINTAHAN,K.H. MA'RUF AMIN,WAKIL PRESIDEN REPUBLIK INDONESIA,12352,7423900000,1100000000,256000000,-,5409010251,-,14188910251,-,14188910251
21 Maret 2023,Khusus - Awal Menjabat,2022,EKSEKUTIF,KEMENTERIAN KOMUNIKASI DAN INFORMATIKA,DIREKTORAT JENDERAL INFORMASI DAN KOMUNIKASI PUBLIK,USMAN KANSONG,DIREKTUR JENDERAL,896753,4450000000,-,-,-,294658886,-,4744658886,-,4744658886
27 Maret 2023,Periodik,2022,EKSEKUTIF,KEMENTERIAN KEUANGAN,PIMPINAN TERTINGGI,SRI MULYANI INDRAWATI,MENTERI KEUANGAN,35749,48270738510,204818000,446520000,11095052810,18526249040,-,78543378360,9825475176,68717903184
22 Februari 2023,Periodik,2022,EKSEKUTIF,KEMENTERIAN LUAR NEGERI,STAF AHLI BIDANG SOSIAL BUDAYA DAN PEMBERDAYAAN MASYARAKAT INDONESIA DI LUAR NEGERI,SITI NUGRAHA MAULUDIAH,STAF AHLI BIDANG SOSIAL BUDAYA DAN PEMBERDAYAAN MASYARAKAT,405600,1341679227,250000000,-,-,287598287,-,1879277514,283887875,1595389639
21 Februari 2023,Periodik,2022,EKSEKUTIF,KEMENTERIAN HUKUM DAN HAK ASASI MANUSIA,STAF AHLI,MIN USIHEN,STAF AHLI BIDANG SOSIAL,139497,2800000000,221500000,60000000,-,128000000,300000000,3509500000,7500000,3502000000
16 Februari 2023,Periodik,2022,EKSEKUTIF,KEMENTERIAN LUAR NEGERI,DIREKTORAT JENDERAL PROTOKOL DAN KONSULER,ANDY RACHMIANTO,DIREKTUR JENDERAL PROTOKOL DAN KONSULER,210766,2583720000,238000000,1000500000,300000000,5309000000,200000000,9631220000,-,9631220000
30 Maret 2023,Periodik,2022,EKSEKUTIF,KEMENTERIAN HUKUM DAN HAK ASASI MANUSIA,PIMPINAN TERTINGGI,YASONNA H. LAOLY,MENTERI,33655,3839090126,1047250200,4541499000,227922000,8847103912,5000000000,23502865238,-,23502865238
25 Maret 2022,Periodik,2021,EKSEKUTIF,KEMENTERIAN SOSIAL,PIMPINAN TERTINGGI,TRI RISMAHARINI,MENTERI,151020,13212910000,775000000,160000000,-,1738283356,-,15886193356,506963200,15379230156
7 Maret 2023,Periodik,2022,EKSEKUTIF,KEMENTERIAN KESEHATAN,WAKIL PIMPINAN,DANTE SAKSONO HARBUWONO,WAKIL MENTERI KESEHATAN,788417,33700000000,4150000000,6650000000,-,25587331426,-,70087331426,7224038510,62863292916
9 Februari 2023,Periodik,2022,EKSEKUTIF,KEMENTERIAN SOSIAL,SEKRETARIAT JENDERAL,HARRY HIKMAT,SEKRETARIS JENDERAL,83899,3200000000,347000000,80000000,-,2268935025,500000,5896435025,-,5896435025
30 Maret 2022,Periodik,2021,EKSEKUTIF,KEMENTERIAN KOMUNIKASI DAN INFORMATIKA,STAF AHLI,HENRI SUBIAKTO,STAF AHLI MENTERI BIDANG HUKUM,409785,5800000000,440000000,425000000,-,1026000000,-,7691000000,-,7691000000
24 Maret 2023,Periodik,2022,EKSEKUTIF,KEMENTERIAN KESEHATAN,DIREKTORAT JENDERAL PELAYANAN KESEHATAN,AZHAR JAYA,DIREKTUR JENDERAL,254078,15586244584,187500000,125000000,36730000,1687853307,550000000,18173327891,48673291,18124654600
2 Februari 2023,Periodik,2022,EKSEKUTIF,KEMENTERIAN HUKUM DAN HAK ASASI MANUSIA,KANTOR WILAYAH KEMENTERIAN HUKUM DAN HAM KEPULAUAN RIAU,IWAN KURNIAWAN,KEPALA BAGIAN UMUM,164023,755000000,5000000,55000000,60000000,211777906,12000000,1098777906,82124581,1016653325
23 Maret 2023,Periodik,2022,BUMN/BUMD,PT KRAKATAU STEEL (PERSERO) TBK.,PIMPINAN TERTINGGI,SILMY KARIM,DIREKTUR UTAMA,162189,146726815000,2975000000,7390000000,7976329200,57398484566,-,222466628766,8637634946,213828993820
9 Maret 2023,Periodik,2022,EKSEKUTIF,KEMENTERIAN SOSIAL,INSPEKTORAT JENDERAL,DADANG ISKANDAR,INSPEKTUR JENDERAL,91280,3850000000,132500000,-,-,866549710,-,4849049710,-,4849049710
14 Februari 2023,Periodik,2022,EKSEKUTIF,KEMENTERIAN PERTAHANAN,PUSAT LAPORAN DAN PEMBINAAN KEUANGAN,AMAD SUGIYONO,KEPALA PUSAT,416879,3338587000,787500000,165500000,-,305966477,170000000,4767553477,-,4767553477
15 Februari 2023,Periodik,2022,EKSEKUTIF,TENTARA NASIONAL INDONESIA,MABES TNI AD,MOHAMMAD FADJAR,KASDIVIF-2/KOSTRAD,887976,1160000000,733000000,459900000,-,1566256219,-,3919156219,-,3919156219
13 Februari 2023,Periodik,2022,EKSEKUTIF,KEMENTERIAN PERTAHANAN,STAF AHLI,NUGROHO SULISTYO BUDI,STAF AHLI KHUSUS BIDANG POLITIK,719815,6049000000,140000000,137800000,-,538695817,475000000,7340495817,-,7340495817
28 Februari 2023,Periodik,2022,EKSEKUTIF,KEMENTERIAN KEUANGAN,DIREKTORAT JENDERAL BEA DAN CUKAI,ASKOLANI,DIREKTUR JENDERAL BEA DAN CUKAI,103536,17002044000,1323000000,1170000000,19529101450,12063495388,1174842084,52262482922,390090300,51872392622
7 Maret 2023,Periodik,2022,EKSEKUTIF,KEMENTERIAN HUKUM DAN HAK ASASI MANUSIA,BADAN PENGEMBANGAN SUMBER DAYA MANUSIA HUKUM DAN HAM,ASEP KURNIA,KEPALA BADAN PENGEMBANGAN SUMBER DAYA MANUSIA HUKUM DAN,132896,4724229300,-,39500000,-,1498641633,-,6262370933,-,6262370933
23 Maret 2022,Periodik,2021,EKSEKUTIF,KEMENTERIAN DALAM NEGERI,PIMPINAN TERTINGGI,M. TITO KARNAVIAN,MENTERI DALAM NEGERI,191175,8297741000,-,260000000,-,12140856731,-,20698597731,-,20698597731
31 Maret 2021,Periodik,2020,EKSEKUTIF,KEMENTERIAN KESEHATAN,PIMPINAN TERTINGGI,BUDI GUNADI SADIKIN,MENTERI KESEHATAN,92423,89000000000,1025000000,4418687181,67965770878,2286656026,-,164696114085,135937810,164560176275
14 Maret 2023,Periodik,2022,EKSEKUTIF,KEMENTERIAN KETENAGAKERJAAN,DIREKTORAT JENDERAL PEMBINAAN HUB INDUSTRIAL DAN JAMINAN SOSIAL TENAGA KERJA,INDAH ANGGORO PUTRI,DIREKTUR JENDERAL,497049,1774550650,-,332000000,-,1110178810,-,3216729460,135052496,3081676964
22 Maret 2022,Periodik,2021,EKSEKUTIF,KEMENTERIAN LUAR NEGERI,PIMPINAN TERTINGGI,RETNO LESTARI PRIANSARI MARSUDI,MENTERI LUAR NEGERI RI,15169,2548454500,422250200,120000000,-,24699962579,727427807,28518095086,-,28518095086
27 Februari 2023,Periodik,2022,EKSEKUTIF,KEMENTERIAN KEUANGAN,BADAN PENDIDIKAN DAN PELATIHAN KEUANGAN,ANDIN HADIYANTO,KEPALA BADAN,121774,6844779443,469350000,2563046860,1000000000,1574030105,-,12451206408,-,12451206408
7 Maret 2023,Periodik,2022,EKSEKUTIF,KEMENTERIAN LUAR NEGERI,SEKRETARIAT JENDERAL,CECEP HERAWAN,SEKRETARIS JENDERAL,521264,43634458000,214000000,366200708,-,1705732965,-,45920391673,-,45920391673
28 Maret 2023,Khusus - Awal Menjabat,2022,EKSEKUTIF,"KEMENTERIAN PENDIDIKAN, KEBUDAYAAN, RISET, DAN TEKNOLOGI",SEKRETARIAT JENDERAL,JONY OKTAVIAN HARYANTO,STAF AHLI BIDANG INOVASI,899231,12987715000,-,350000000,-,2015557567,-,15353272567,4324079283,11029193284
30 Maret 2023,Periodik,2022,EKSEKUTIF,KEMENTERIAN HUKUM DAN HAK ASASI MANUSIA,BADAN PEMBINAAN HUKUM NASIONAL,WIDODO EKATJAHJANA,KEPALA BADAN,217690,10606316000,94000000,47424000,-,131000000,-,10878740000,1750000000,9128740000
21 Maret 2023,Periodik,2022,EKSEKUTIF,KEMENTERIAN KOMUNIKASI DAN INFORMATIKA,DIREKTORAT JENDERAL SUMBER DAYA DAN PERANGKAT POS DAN INFORMATIKA,ISMAIL,DIREKTUR JENDERAL SUMBER DAYA DAN PERANGKAT POS DAN,151279,16972416000,791204500,961500000,1987950094,23116973804,-,43830044398,-,43830044398
30 Maret 2022,Periodik,2021,EKSEKUTIF,KEMENTERIAN PERTAHANAN,SEKRETARIAT JENDERAL,DONNY ERMAWAN T.,SEKRETARIS JENDERAL,252042,8003600000,95000000,880000000,687768000,2135380532,-,11801748532,-,11801748532
28 Maret 2023,Periodik,2022,EKSEKUTIF,"KEMENTERIAN PENDIDIKAN, KEBUDAYAAN, RISET, DAN TEKNOLOGI",SEKRETARIAT JENDERAL,PRAMODA DEI SUDARMO,STAF KHUSUS BIDANG KOMPETENSI DAN MANAJEMEN,800710,3295000000,200000000,-,155550000,3174281473,-,6824831473,-,6824831473
31 Maret 2023,Periodik,2022,EKSEKUTIF,KEMENTERIAN LUAR NEGERI,DIREKTORAT JENDERAL KERJA SAMA ASEAN,SIDHARTO REZA SURYODIPURO,DIREKTUR JENDERAL KERJA SAMA ASEAN,205209,2108330000,128000000,-,-,1917357276,237000000,4390687276,-,4390687276
31 Maret 2023,Periodik,2022,EKSEKUTIF,KEMENTERIAN HUKUM DAN HAK ASASI MANUSIA,DIREKTORAT JENDERAL ADMINISTRASI HUKUM UMUM,CAHYO RAHADIAN MUZHAR,DIREKTUR JENDERAL,450256,19513000000,750000000,2500000000,-,1506370704,-,24269370704,2752445788,21516924916
9 Maret 2021,Periodik,2020,EKSEKUTIF,KEMENTERIAN PERTAHANAN,SEKRETARIAT JENDERAL,ZAINUL ARIFIN,KEPALA BIRO,635017,8405000000,2127000000,285000000,-,12661825000,6815000000,30293825000,814250000,29479575000
28 Februari 2023,Periodik,2022,EKSEKUTIF,KEMENTERIAN KEUANGAN,DIREKTORAT JENDERAL PAJAK,SURYO UTOMO,DIREKTUR JENDERAL PAJAK,72292,14908164688,947000000,1096000000,-,4783249276,-,21734413964,3413810583,18320603381
17 Januari 2023,Periodik,2022,EKSEKUTIF,"KEMENTERIAN PENDIDIKAN, KEBUDAYAAN, RISET, DAN TEKNOLOGI",INSPEKTORAT JENDERAL,CHATARINA MULIANA GIRSANG,INSPEKTUR JENDERAL,58727,2000000000,868368000,1655652440,546788569,614708339,506635312,6192152660,-,6192152660
23 Mei 2023,Khusus - Calon PN,2023,EKSEKUTIF,KEMENTERIAN PERTAHANAN,PUSAT REHABILITAS,DANIEL LUMADYO WARTOADI,KEPALA PUSAT,906812,1448400000,975000000,-,-,909722665,-,3333122665,-,3333122665
17 Maret 2023,Periodik,2022,EKSEKUTIF,KEMENTERIAN PERTAHANAN,INSPEKTORAT JENDERAL,BUDI PRIJONO,INSPEKTUR JENDERAL,659393,5920000000,274000000,230850000,-,1856222274,-,8281072274,-,8281072274
31 Maret 2023,Periodik,2022,EKSEKUTIF,KEMENTERIAN BADAN USAHA MILIK NEGARA,WAKIL PIMPINAN,PAHALA NUGRAHA MANSURY,WAKIL MENTERI BUMN I,110493,56075000000,2245000000,1492000000,180781655174,9949763012,244415300,250787833486,100000000,250687833486
30 Maret 2023,Periodik,2022,EKSEKUTIF,KEMENTERIAN HUKUM DAN HAK ASASI MANUSIA,DIREKTORAT JENDERAL PEMASYARAKATAN,REYNHARD SAUD POLTAK SILITONGA,DIREKTUR JENDERAL,754831,2724120000,890000000,300000000,-,645000000,-,4559120000,-,4559120000
14 Oktober 2022,Khusus - Awal Menjabat,2022,EKSEKUTIF,KEMENTERIAN AGAMA,DIREKTORAT JENDERAL BIMBINGAN MASYARAKAT BUDDHA,"DRS. SUPRIYADI, M.PD",DIREKTUR JENDERAL,872200,500000000,210500000,-,-,65067768,-,775567768,226177500,549390268
14 Maret 2022,Periodik,2021,EKSEKUTIF,KEMENTERIAN KETENAGAKERJAAN,PIMPINAN TERTINGGI,IDA FAUZIYAH,MENTERI,474,11284000000,1410000000,211600000,-,5343540272,-,18249140272,-,18249140272
30 Maret 2023,Periodik,2022,EKSEKUTIF,KEMENTERIAN LUAR NEGERI,DIREKTORAT JENDERAL HUKUM DAN PERJANJIAN INTERNASIONAL,L. AMRIH JINANGKUNG,DIREKTUR JENDERAL HUKUM DAN PERJANJIAN INTERNASIONAL,471285,3000000000,115000000,45000000,259005000,1198362234,75000000,4692367234,803231623,3889135611
6 Maret 2023,Periodik,2022,EKSEKUTIF,KEMENTERIAN SOSIAL,DIREKTORAT JENDERAL REHABILITASI SOSIAL,PEPEN NAZARUDDIN,DIREKTUR JENDERAL,26103,4820000000,3500000,580000000,-,14561453,-,5418061453,-,5418061453
3 Maret 2023,Khusus - Awal Menjabat,2022,EKSEKUTIF,KEMENTERIAN KESEHATAN,DIREKTORAT JENDERAL KESEHATAN MASYARAKAT,MARIA ENDANG SUMIWI,DIREKTUR JENDERAL,886537,1525000000,275000000,20750000,3094678200,1001544114,76500000,5993472314,-,5993472314
20 Maret 2023,Khusus - Awal Menjabat,2022,EKSEKUTIF,KEMENTERIAN DALAM NEGERI,INSPEKTORAT JENDERAL,DRS TOMSI TOHIR MSI,INSPEKTUR JENDERAL,663074,9510000000,450000000,16500000,-,538000000,-,10514500000,-,10514500000
9 Maret 2023,Periodik,2022,EKSEKUTIF,TENTARA NASIONAL INDONESIA,MABES TNI AD,PIEK BUDYAKTO,KASDAM V/BRW,800885,900000000,293000000,-,-,1265000000,60000000,2518000000,-,2518000000
27 Maret 2023,Periodik,2022,EKSEKUTIF,KEMENTERIAN HUKUM DAN HAK ASASI MANUSIA,STAF AHLI,IWAN KURNIAWAN,STAF AHLI,185891,4950000000,338000000,400000000,3420282154,459134062,-,9567416216,22200000,9545216216
16 Januari 2023,Periodik,2022,EKSEKUTIF,KEMENTERIAN KETENAGAKERJAAN,INSPEKTORAT JENDERAL,ESTIARTY HARYANI,INSPEKTUR JENDERAL,211950,620126000,195400000,51000000,3610500000,514317428,136059174,5127402602,-,5127402602
27 Maret 2021,Periodik,2020,EKSEKUTIF,KANTOR WAKIL PRESIDEN,WAKIL PIMPINAN PEMERINTAHAN,K.H. MA'RUF AMIN,WAKIL PRESIDEN REPUBLIK INDONESIA,12352,9423900000,1395000000,256000000,-,3512767263,-,14587667263,-,14587667263
2 Januari 2023,Periodik,2022,EKSEKUTIF,KEMENTERIAN KESEHATAN,INSPEKTORAT JENDERAL,MURTI UTAMI ANDYANTO,INSPEKTUR JENDERAL,136751,3245700000,439000000,260869000,1025933437,1857398548,-,6828900985,32037401,6796863584
22 Maret 2023,Periodik,2022,EKSEKUTIF,"KEMENTERIAN PENDIDIKAN, KEBUDAYAAN, RISET, DAN TEKNOLOGI",SEKRETARIAT JENDERAL,SUHARTI,SEKRETARIS JENDERAL,230482,2877688000,-,72470000,362015878,3960412007,-,7272585885,-,7272585885
27 Maret 2023,Periodik,2022,EKSEKUTIF,KEMENTERIAN PERTAHANAN,STAF AHLI,ZAINUL ARIFIN,STAF AHLI KHUSUS BIDANG KEAMANAN,635017,22131000000,1236000000,265000000,-,23364615000,7365000000,54361615000,706455000,53655160000
31 Maret 2023,Periodik,2022,EKSEKUTIF,KEMENTERIAN PERTAHANAN,PIMPINAN TERTINGGI,PRABOWO SUBIANTO,MENTERI,29770,275320450000,1258500000,16415023500,1701879000000,2522545835,45000000000,2042395519335,8000000000,2034395519335
6 Januari 2023,Periodik,2022,EKSEKUTIF,KEMENTERIAN HUKUM DAN HAK ASASI MANUSIA,INSPEKTORAT JENDERAL,RAZILU,INSPEKTUR JENDERAL,117942,1088752000,91000000,28758000,-,402678053,-,1611188053,-,1611188053
31 Maret 2023,Periodik,2022,EKSEKUTIF,KEMENTERIAN AGAMA,WAKIL PIMPINAN,ZAINUT TAUHID SA'ADI,WAKIL MENTERI,35479,16950000000,1185000000,130000000,-,743543158,1103747325,20112290483,357600000,19754690483
31 Maret 2023,Periodik,2022,EKSEKUTIF,KEMENTERIAN DALAM NEGERI,SEKRETARIAT JENDERAL,ACHMAD MARZUKI,STAF AHLI BIDANG HUKUM DAN KESATUAN BANGSA,463932,1190000000,283000000,73350000,10000000000,1203770466,-,12750120466,-,12750120466
31 Maret 2022,Periodik,2021,EKSEKUTIF,KEMENTERIAN KEUANGAN,PIMPINAN TERTINGGI,SRI MULYANI INDRAWATI,MENTERI KEUANGAN,35749,45811090623,145000000,446520000,12721023556,8140815666,-,67264449845,9215670562,58048779283
14 Maret 2022,Periodik,2021,EKSEKUTIF,KEMENTERIAN KESEHATAN,PIMPINAN TERTINGGI,BUDI GUNADI SADIKIN,MENTERI KESEHATAN,92423,94000000000,925000000,4418687181,75385270587,5629928829,-,180358886597,-,180358886597
31 Maret 2022,Periodik,2021,EKSEKUTIF,"KEMENTERIAN PENDIDIKAN, KEBUDAYAAN, RISET, DAN TEKNOLOGI",PIMPINAN TERTINGGI,NADIEM ANWAR MAKARIM,MENTERI PENDIDIKAN DAN KEBUDAYAAN,712194,50981969850,2663582550,752313000,1305855289957,5717368068,2900000000,1368870523425,193822906829,1175047616596
8 Februari 2023,Periodik,2022,EKSEKUTIF,KEMENTERIAN KETENAGAKERJAAN,DITJEN PEMBINAAN PENGAWASAN KETENAGAKERJAAN DAN KESELAMATAN DAN KESEHATAN KERJA,HAIYANI RUMONDANG,DIRJEN PEMBINAAN PENGAWASAN KETENAGAKERJAAN DAN,446007,2900000000,425000000,45000000,-,851201299,-,4221201299,244000000,3977201299
7 Maret 2023,Periodik,2022,EKSEKUTIF,KEJAKSAAN REPUBLIK INDONESIA,KEJAKSAAN TINGGI JAWA BARAT,ASEP NANA MULYANA,KEPALA KEJAKSAAN TINGGI,20334,9203000000,734500000,146500000,-,240000000,-,10324000000,-,10324000000
24 Februari 2022,Periodik,2021,EKSEKUTIF,KANTOR PRESIDEN,PIMPINAN PEMERINTAHAN,JOKO WIDODO,PRESIDEN REPUBLIK INDONESIA,42822,59445696000,467000000,356950000,-,11511130292,-,71780776292,309330103,71471446189
1 Februari 2023,Periodik,2022,EKSEKUTIF,KEMENTERIAN DALAM NEGERI,INSPEKTORAT JENDERAL,TOGAP SIMANGUNSONG,PPUPD AHLI UTAMA,202786,4200000000,400000000,110000000,-,64000000,-,4774000000,-,4774000000
26 Januari 2023,Periodik,2022,EKSEKUTIF,KEMENTERIAN HUKUM DAN HAK ASASI MANUSIA,STAF AHLI,DHAHANA PUTRA,STAF AHLI,142848,1330000000,46700000,31000000,-,315643795,-,1723343795,-,1723343795
22 Maret 2023,Periodik,2022,EKSEKUTIF,"KEMENTERIAN PENDIDIKAN, KEBUDAYAAN, RISET, DAN TEKNOLOGI",SEKRETARIAT JENDERAL,HAMID MUHAMMAD,STAF KHUSUS BIDANG PEMBELAJARAN,72822,11394114650,129500000,219500000,6955099464,1138296662,1307538459,21144049235,-,21144049235
31 Maret 2023,Periodik,2022,EKSEKUTIF,KEMENTERIAN BADAN USAHA MILIK NEGARA,STAF KHUSUS,NEZAR PATRIA,STAF KHUSUS 4,781331,4191000000,250000000,-,2980650000,3449124981,-,10870774981,-,10870774981
2 April 2023,Periodik,2022,EKSEKUTIF,KEMENTERIAN LUAR NEGERI,DIREKTORAT JENDERAL ASIA PASIFIK DAN AFRIKA,ABDUL KADIR JAILANI,DIREKTUR JENDERAL ASIA PASIFIK DAN AFRIKA,762160,17300000000,230000000,-,-,6554933836,-,24084933836,-,24084933836
3 Februari 2022,Periodik,2021,EKSEKUTIF,KEMENTERIAN DALAM NEGERI,INSPEKTORAT JENDERAL,TUMPAK HAPOSAN SIMANJUNTAK,INSPEKTUR JENDERAL,206082,6775000000,266500000,100000000,-,379704201,-,7521204201,-,7521204201
12 Maret 2023,Periodik,2022,EKSEKUTIF,"KEMENTERIAN PENDIDIKAN, KEBUDAYAAN, RISET, DAN TEKNOLOGI",BADAN PENGEMBANGAN DAN PEMBINAAN BAHASA,ENDANG AMINUDIN AZIZ,KEPALA,160515,8012500000,43000000,52000000,-,1129918911,2350000000,11587418911,-,11587418911
31 Maret 2021,Periodik,2020,EKSEKUTIF,KEMENTERIAN KOMUNIKASI DAN INFORMATIKA,PIMPINAN TERTINGGI,JOHNNY GERARD PLATE,MENTERI KOMUNIKASI DAN INFORMATIKA,211793,139489015886,460000000,3612000000,4667812500,66487056577,-,214715884963,24750000000,189965884963
18 Maret 2023,Periodik,2022,EKSEKUTIF,KEMENTERIAN KOMUNIKASI DAN INFORMATIKA,SEKRETARIAT JENDERAL,MIRA TAYYIBA,SEKRETARIS JENDERAL,415747,958210000,-,55100000,-,4010801009,-,5024111009,-,5024111009
6 Maret 2023,Periodik,2022,EKSEKUTIF,KEMENTERIAN LUAR NEGERI,STAF AHLI BIDANG HUBUNGAN ANTAR LEMBAGA,MUHSIN SYIHAB,STAF AHLI BIDANG HUBUNGAN ANTAR LEMBAGA,680709,3000000000,-,46395000,-,401434574,-,3447829574,-,3447829574
21 Maret 2023,Periodik,2022,EKSEKUTIF,KEMENTERIAN DALAM NEGERI,DIREKTORAT JENDERAL POLITIK DAN PEMERINTAHAN UMUM,BAHTIAR BAHARUDDIN,DIREKTUR JENDERAL,462502,5444722000,1496000000,130000000,-,1204003869,-,8274725869,2241947100,6032778769
1 Maret 2023,Periodik,2022,EKSEKUTIF,KEMENTERIAN KEUANGAN,DIREKTORAT JENDERAL KEKAYAAN NEGARA,RIONALD SILABAN,DIREKTUR JENDERAL,117381,40070410911,7048000000,1241700000,7393629358,7546421794,1493942613,64794104676,1500188000,63293916676
26 Januari 2023,Periodik,2022,EKSEKUTIF,KEMENTERIAN KESEHATAN,STAF AHLI,KIRANA PRITASARI,STAF AHLI BIDANG POLITIK DAN GLOBALISASI KESEHATAN,143157,1850000000,42000000,840360000,-,3975592696,-,6707952696,225000000,6482952696
26 Maret 2021,Periodik,2020,EKSEKUTIF,KEMENTERIAN KEUANGAN,PIMPINAN TERTINGGI,SRI MULYANI INDRAWATI,MENTERI KEUANGAN,35749,42633880000,145000000,446520000,10232315470,9366170347,-,62823885817,9509426080,53314459737
23 Maret 2023,Periodik,2022,EKSEKUTIF,KEMENTERIAN KETENAGAKERJAAN,PIMPINAN TERTINGGI,IDA FAUZIYAH,MENTERI,474,12248750000,1200000000,235000000,-,5960658215,-,19644408215,-,19644408215
8 Maret 2021,Periodik,2020,EKSEKUTIF,"KEMENTERIAN DESA, PEMBANGUNAN DAERAH TERTINGGAL DAN TRANSMIGRASI",WAKIL PIMPINAN,BUDI ARIE SETIADI,WAKIL MENTERI,680734,63321800000,1450000000,2300000000,24500000000,9950052000,-,101521852000,-,101521852000
20 Februari 2023,Periodik,2022,EKSEKUTIF,"KEMENTERIAN PENDIDIKAN, KEBUDAYAAN, RISET, DAN TEKNOLOGI","BADAN STANDAR, KURIKULUM, DAN ASESMEN PENDIDIKAN",ANINDITO ADITOMO,KEPALA,858921,5010500000,-,-,1766011011,487991207,140313436,7404815654,151126425,7253689229
29 Maret 2023,Periodik,2022,EKSEKUTIF,KEMENTERIAN KOMUNIKASI DAN INFORMATIKA,PIMPINAN TERTINGGI,JOHNNY GERARD PLATE,MENTERI KOMUNIKASI DAN INFORMATIKA,211793,144002845886,473500000,3612000000,5213125000,50212419646,-,203513890532,10352000000,193161890532
25 Maret 2023,Periodik,2022,EKSEKUTIF,KEMENTERIAN DALAM NEGERI,DIREKTORAT JENDERAL KEPENDUDUKAN DAN PENCATATAN SIPIL,ZUDAN ARIF FAKRULLOH,DIREKTUR JENDERAL,144981,4012378000,100000000,760000000,-,1090094569,-,5962472569,1008996096,4953476473
24 Maret 2023,Periodik,2022,EKSEKUTIF,KEMENTERIAN KETENAGAKERJAAN,DIREKTORAT JENDERAL PEMBINAAN PELATIHAN VOKASI DAN PRODUKTIVITAS,BUDI HARTAWAN,DIREKTUR JENDERAL,109849,20130243000,224000000,880000000,1578358000,4376375941,377906391,27566883332,500000000,27066883332
15 Maret 2023,Periodik,2022,EKSEKUTIF,KEMENTERIAN DALAM NEGERI,PIMPINAN TERTINGGI,M. TITO KARNAVIAN,MENTERI DALAM NEGERI,191175,8297741000,-,260000000,-,14725723072,-,23283464072,-,23283464072
30 Januari 2023,Periodik,2022,EKSEKUTIF,KEMENTERIAN DALAM NEGERI,DIREKTORAT JENDERAL BINA PEMBANGUNAN DAERAH,TEGUH SETYABUDI,DIREKTUR JENDERAL,145351,6117600000,235000000,275000000,-,933385905,-,7560985905,-,7560985905
15 Maret 2023,Periodik,2022,EKSEKUTIF,KEMENTERIAN SOSIAL,DIREKTORAT JENDERAL PEMBERDAYAAN SOSIAL,EDI SUHARTO,DIREKTUR JENDERAL,145489,1796500000,172000000,49500000,-,1753586019,147094535,3918680554,-,3918680554
24 Februari 2023,Periodik,2022,EKSEKUTIF,KEMENTERIAN KEUANGAN,BADAN KEBIJAKAN FISKAL,FEBRIO NATHAN KACARIBU,KEPALA BADAN,764860,1046000000,415000000,9224420,5951538931,640074652,5979877,8067817880,2153770,8065664110
31 Maret 2023,Periodik,2022,EKSEKUTIF,"KEMENTERIAN PENDIDIKAN, KEBUDAYAAN, RISET, DAN TEKNOLOGI",PIMPINAN TERTINGGI,NADIEM ANWAR MAKARIM,"MENTERI PENDIDIKAN, KEBUDAYAAN, RISET, DAN TEKNOLOGI",712194,55328240850,162000000,752313000,5590317273184,12271733513,3400000000,5662231560547,790761956789,4871469603758
26 Januari 2023,Periodik,2022,EKSEKUTIF,KEMENTERIAN AGAMA,BADAN PENYELENGGARA JAMINAN PRODUK HALAL,MUHAMMAD AQIL IRHAM,KEPALA BADAN,440156,9499038000,325000000,225000000,500000000,142557553,133484198,10825079751,10959362,10814120389
27 Februari 2023,Periodik,2022,EKSEKUTIF,KEMENTERIAN KEUANGAN,DIREKTORAT JENDERAL PERIMBANGAN KEUANGAN,LUKY ALFIRMAN,DIREKTUR JENDERAL,150157,11000000000,340000000,197000000,2567000000,16422574375,445000000,30971574375,-,30971574375
10 Maret 2022,Periodik,2021,EKSEKUTIF,KEMENTERIAN PERTAHANAN,SEKRETARIAT JENDERAL,ZAINUL ARIFIN,KEPALA BIRO,635017,21755000000,2221000000,280000000,-,18374080000,7315000000,49945080000,370100000,49574980000
28 Februari 2023,Periodik,2022,EKSEKUTIF,"KEMENTERIAN DESA, PEMBANGUNAN DAERAH TERTINGGAL DAN TRANSMIGRASI",WAKIL PIMPINAN,BUDI ARIE SETIADI,WAKIL MENTERI,680734,62746800000,869000000,2300000000,24500000000,10603000000,-,101018800000,-,101018800000
30 Maret 2023,Periodik,2022,EKSEKUTIF,KEMENTERIAN SOSIAL,PIMPINAN TERTINGGI,TRI RISMAHARINI,MENTERI,151020,13212910000,1490000000,160000000,-,2520438472,-,17383348472,599086344,16784262128
7 Februari 2023,Periodik,2022,EKSEKUTIF,KEMENTERIAN DALAM NEGERI,BADAN PENGEMBANGAN SUMBER DAYA MANUSIA,SUGENG HARIYONO,KEPALA BADAN PENGEMBANGAN SUMBER DAYA MANUSIA,123785,3000000000,10000000,489000000,-,2917000000,-,6416000000,200000000,6216000000
28 Februari 2023,Periodik,2022,EKSEKUTIF,KEMENTERIAN KEUANGAN,SEKRETARIAT JENDERAL,HERU PAMBUDI,SEKRETARIS JENDERAL,68250,3446400572,401350000,415436000,30908629,24721810854,-,29015906055,-,29015906055
12 Maret 2021,Periodik,2020,EKSEKUTIF,KANTOR PRESIDEN,PIMPINAN PEMERINTAHAN,JOKO WIDODO,PRESIDEN REPUBLIK INDONESIA,42822,53281696000,527500000,357500000,-,10047790536,-,64214486536,597550718,63616935818
28 Maret 2023,Periodik,2022,EKSEKUTIF,KEMENTERIAN AGAMA,DIREKTORAT JENDERAL BIMBINGAN MASYARAKAT ISLAM,KAMARUDDIN AMIN,DIREKTUR JENDERAL,507966,13210000000,30000000,-,1000000000,1110619252,-,15350619252,450000000,14900619252
28 Maret 2023,Periodik,2022,EKSEKUTIF,KEMENTERIAN LUAR NEGERI,PERWAKILAN RI,INA HAGNININGTYAS KRISNAMURTHI,DUTA BESAR RI NEW DELHI,469399,1500000000,-,-,-,661562367,-,2161562367,664000000,1497562367
31 Maret 2022,Periodik,2021,EKSEKUTIF,KEMENTERIAN PERTAHANAN,PIMPINAN TERTINGGI,PRABOWO SUBIANTO,MENTERI,29770,275320450000,1258500000,16359023500,1701879000000,2522545835,43139203425,2040478722760,8000000000,2032478722760
24 Februari 2023,Periodik,2022,EKSEKUTIF,KEMENTERIAN AGAMA,SEKRETARIAT JENDERAL,NIZAR ALI,SEKRETARIS JENDERAL,457098,2940000000,107450000,-,-,3661091420,-,6708541420,-,6708541420
20 Februari 2023,Periodik,2022,EKSEKUTIF,KEMENTERIAN AGAMA,DIREKTORAT JENDERAL PENYELENGGARAAN HAJI DAN UMRAH,HILMAN LATIEF,DIREKTUR JENDERAL,847167,13470344365,231766000,140000000,-,742391244,184000000,14768501609,692000000,14076501609
17 Maret 2023,Periodik,2022,EKSEKUTIF,KEMENTERIAN DALAM NEGERI,DIREKTORAT JENDERAL BINA PEMERINTAHAN DESA,EKO PRASETYANTO PURNOMO PUTRO,DIREKTUR JENDERAL,279903,2685000000,52500000,38900000,-,89500000,-,2865900000,506250000,2359650000
4 Maret 2022,Periodik,2021,EKSEKUTIF,"KEMENTERIAN DESA, PEMBANGUNAN DAERAH TERTINGGAL DAN TRANSMIGRASI",WAKIL PIMPINAN,BUDI ARIE SETIADI,WAKIL MENTERI,680734,63321800000,1450000000,2300000000,24500000000,10650052000,-,102221852000,-,102221852000
15 Februari 2023,Periodik,2022,EKSEKUTIF,KEMENTERIAN DALAM NEGERI,DIREKTORAT JENDERAL OTONOMI DAERAH,AKMAL MALIK,DIREKTUR JENDERAL,511861,5485000000,128000000,50000000,-,1109575582,-,6772575582,-,6772575582
4 April 2023,Periodik,2022,EKSEKUTIF,KEMENTERIAN PERTAHANAN,WAKIL PIMPINAN TERTINGGI,MUHAMAD HERINDRA,WAKIL MENTERI PERTAHANAN,423384,15329513136,675000000,318765000,-,5027060214,797074849,22147413199,2000000000,20147413199
31 Maret 2021,Periodik,2020,EKSEKUTIF,KEMENTERIAN KOMUNIKASI DAN INFORMATIKA,STAF AHLI,HENRI SUBIAKTO,STAF AHLI MENTERI BIDANG HUKUM,409785,5550000000,490000000,390000000,-,1005000000,-,7435000000,-,7435000000
27 Februari 2023,Periodik,2022,EKSEKUTIF,KEMENTERIAN LUAR NEGERI,DIREKTORAT JENDERAL KERJA SAMA MULTILATERAL,TRI THARYAT,DIREKTUR JENDERAL KERJA SAMA MULTILATERAL,547904,8583470000,130000000,-,-,1156643921,180000000,10050113921,142500000,9907613921
27 Maret 2023,Periodik,2022,EKSEKUTIF,KEMENTERIAN KETENAGAKERJAAN,STAF AHLI,ISMAIL PAKAYA,"STAF AHLI BIDANG KEBIJAKAN SOSIAL, POLITIK DAN KEBIJAKAN PUBLIK",661990,367000000,127000000,35000000,-,3313045,-,532313045,171771435,360541610
31 Maret 2023,Periodik,2022,EKSEKUTIF,KEMENTERIAN AGAMA,PIMPINAN TERTINGGI,YAQUT CHOLIL QOUMAS,MENTERI,36278,9320500000,2140000000,220754500,-,1851590750,-,13532845250,1000000000,12532845250
13 Januari 2023,Periodik,2022,EKSEKUTIF,KEMENTERIAN PERTAHANAN,PUSAT KELAIKAN,T. MOHAMMAD YANI RUDIANSYAH,KEPALA PUSAT,865695,5830000000,670500000,-,1000000000,1502826136,-,9003326136,-,9003326136
27 Februari 2023,Periodik,2022,EKSEKUTIF,KEMENTERIAN KEUANGAN,DIREKTORAT JENDERAL PERBENDAHARAAN,ASTERA PRIMANTO BHAKTI,DIREKTUR JENDERAL,116120,8521141000,566750000,1143992000,2782694150,4274243276,-,17288820426,17137200,17271683226
8 Maret 2023,Periodik,2022,EKSEKUTIF,KEMENTERIAN KESEHATAN,STAF AHLI,SETIAJI,STAF AHLI BIDANG TEKNOLOGI KESEHATAN,227479,5375000000,428000000,98559400,-,685295293,-,6586854693,2275262783,4311591910
4 April 2023,Periodik,2022,EKSEKUTIF,KEMENTERIAN AGAMA,DIREKTORAT JENDERAL BIMBINGAN MASYARAKAT HINDU,I NENGAH DUIJA,DIREKTUR JENDERAL,876190,2920000000,635000000,27900000,-,25912900,-,3608812900,475000000,3133812900
2 Maret 2021,Periodik,2020,EKSEKUTIF,KEMENTERIAN SOSIAL,PIMPINAN TERTINGGI,TRI RISMAHARINI,MENTERI,151020,7097980000,958600000,160000000,-,1067644615,-,9284224615,703600000,8580624615
31 Maret 2021,Khusus - Awal Menjabat,2020,EKSEKUTIF,KEMENTERIAN AGAMA,PIMPINAN TERTINGGI,YAQUT CHOLIL QOUMAS,MENTERI,36278,9320500000,1270000000,220754500,-,646839139,-,11458093639,300000000,11158093639
23 Maret 2023,Periodik,2022,EKSEKUTIF,KEMENTERIAN DALAM NEGERI,DIREKTORAT JENDERAL BINA KEUANGAN DAERAH,AGUS FATONI,DIREKTUR JENDERAL,262342,4287850000,63700000,256600000,-,3164814999,-,7772964999,-,7772964999
28 Maret 2023,Periodik,2022,EKSEKUTIF,KEMENTERIAN KETENAGAKERJAAN,SEKRETARIAT JENDERAL,ANWAR SANUSI,KUASA PENGGUNA ANGGARAN,519555,5200100000,36000000,950400000,-,7338366804,-,13524866804,988200000,12536666804
22 Februari 2023,Periodik,2022,EKSEKUTIF,KEMENTERIAN KESEHATAN,SEKRETARIAT JENDERAL,KUNTA WIBAWA DASA NUGRAHA,SEKRETARIS JENDERAL,194878,12851000000,448230000,513490000,5312739,3840359114,230058980,17888450833,-,17888450833
31 Maret 2021,Periodik,2020,EKSEKUTIF,KEMENTERIAN LUAR NEGERI,PIMPINAN TERTINGGI,RETNO LESTARI PRIANSARI MARSUDI,MENTERI LUAR NEGERI RI,15169,2548454500,422250200,120000000,-,22459277412,-,25549982112,-,25549982112
31 Januari 2023,Periodik,2022,EKSEKUTIF,KEMENTERIAN KESEHATAN,STAF AHLI,SUNDOYO,STAF AHLI BIDANG HUKUM KESEHATAN,210278,3880000000,174000000,95000000,-,549413633,-,4698413633,741959876,3956453757
28 Maret 2023,Periodik,2022,EKSEKUTIF,"KEMENTERIAN PENDIDIKAN, KEBUDAYAAN, RISET, DAN TEKNOLOGI",DIREKTORAT JENDERAL KEBUDAYAAN,HILMAR FARID SETIADI,DIREKTUR,213156,3300000000,51000000,1662780000,-,1598829783,19258510,6631868293,-,6631868293
24 Maret 2023,Periodik,2022,EKSEKUTIF,"KEMENTERIAN PENDIDIKAN, KEBUDAYAAN, RISET, DAN TEKNOLOGI",SEKRETARIAT JENDERAL,FIONA HANDAYANI,STAF KHUSUS BIDANG ISU-ISU STRATEGIS,800716,539097750,-,200000000,1741579901,108901378,194562457,2784141486,-,2784141486
31 Maret 2023,Periodik,2022,EKSEKUTIF,KEMENTERIAN KOMUNIKASI DAN INFORMATIKA,DIREKTORAT JENDERAL APLIKASI INFORMATIKA,SEMUEL ABRIJANI PANGERAPAN,DIREKTUR JENDERAL APLIKASI INFORMATIKA,436163,16500000000,1872000000,210000000,-,1980202731,2708100000,23270302731,1123200000,22147102731
